<?xml version="1.0"?>

<project name="Morpheus" default="dist">
  <property name="src" location="swt/rotated/text:morpheus:morpheus_comm" />
  <property name="dist" location="dist" />
  <property name="dist_linux" location="dist_linux" />
  <property name="zips" location="zips" />


  <target name="compile">
    <echo message="JRE Path: ${java.vm.version}"/>
    <javac srcdir="${src}" debug="true" debuglevel="lines,vars,source" deprecation="true" source="1.3" target="1.1" optimize="true">
      <classpath>
        <pathelement path="jar/comm.jar"/>
        <pathelement path="jar/swt.jar"/>
        <pathelement path="jar/linux/comm/RXTXcomm.jar"/>
      </classpath>
    </javac>
  </target>
    
  <target name="jar" depends="compile">
    <!-- Build windows-specific jars -->
    <mkdir dir="${dist}/"/>
    <jar jarfile="${dist}/morpheus.jar" manifest="META-INF/manifest.morpheus" compress="true">
      <fileset dir="." includes="swt/rotated/text/*.class"/>
      <fileset dir="." includes="morpheus/*.class"/>
      <fileset file="misc/morpheus_multires.ico"/>
      <fileset file="misc/morpheus_splash.jpg"/>
      <fileset file="misc/sample_data.hex"/>
    </jar>
    <mkdir dir="${dist}/lib"/>
    <jar jarfile="${dist}/lib/morpheus_comm.jar" compress="true">
      <fileset dir="." includes="morpheus_comm/*.class"/>
      <fileset file="misc/comm/win/morpheus.comm.properties"/>
    </jar>
    
    <!-- Build linux jars -->
    <mkdir dir="${dist_linux}/"/>
    <copy file="${dist}/morpheus.jar" todir="${dist_linux}/"/>
    <mkdir dir="${dist_linux}/lib"/>
    <jar jarfile="${dist_linux}/lib/morpheus_comm.jar" compress="true">
      <fileset dir="." includes="morpheus_comm/*.class"/>
      <fileset file="misc/comm/linux/morpheus.comm.properties"/>
    </jar>    
  </target>
  
  <target name="dist" depends="clean,jar">
    <copy file="jar/comm.jar" todir="${dist}/lib/"/>
    <copy file="jar/swt.jar" todir="${dist}/lib/"/>
    <copy file="jar/swt-win32-3064.dll" todir="${dist}/"/>
    <copy file="jar/win32com.dll" todir="${dist}/"/>
  </target>
  
  <target name="dist_linux" depends="clean,jar">
    <copy file="misc/morpheus.sh" todir="${dist_linux}/"/>
    <copy file="jar/comm.jar" todir="${dist}/lib/"/>
  
    <copy file="jar/linux/swt/swt.jar" todir="${dist_linux}/lib/"/>
    <copy file="jar/linux/swt/swt-pi.jar" todir="${dist_linux}/lib/"/>
 	<copy todir="${dist_linux}/">
      <fileset dir="jar/linux/swt/libraries" includes="*"/>
    </copy>
  </target>
    
  
  <target name="clean">
    <delete>
      <fileset dir="." includes="**/*.class"/>
    </delete>
    <delete dir="${dist}"/>
    <delete dir="${dist_linux}"/>
    <delete dir="webstart/"/>
  </target>
  
  <target name="run" depends="dist">
    <java jar="${dist}/morpheus.jar" fork="true">
      <jvmarg value="-Djava.library.path=${dist}/"/>
    </java>
  </target>  
  
  <target name="zips" depends="dist">
  	<mkdir dir="${zips}/"/>
  	<zip destfile="${zips}/morpheus_runtime.zip">
  		<fileset dir="${dist}/"/>
  	</zip>
  	<zip destfile="${zips}/morpheus_source.zip">
  		<fileset dir="." includes="morpheus_comm/**/*.java"/>
  		<fileset dir="." includes="swt/**/*.java"/>
  		<fileset dir="." includes="morpheus/**/*.java"/>
  		<fileset dir="." includes="misc/" excludes="**/*.zip,**/*.tar,**/*.gz"/>
  		<fileset dir="." includes="jar/"/>
  		<fileset dir="." includes="META-INF/"/>
  		<fileset dir="." includes="morpheus.xml"/>
  	</zip>
  </target>  

  <target name="webstart" depends="dist,dist_linux">
  	<mkdir dir="webstart/"/>
  	
  	<mkdir dir="webstart/swt"/>
  	<mkdir dir="webstart/swt/win"/>
  	<mkdir dir="webstart/swt/linux"/>
  	<jar jarfile="webstart/swt/win/swt-lib.jar" compress="true">
      <fileset file="jar/swt-win32-3064.dll"/>
    </jar>
    <copy file="jar/swt.jar" todir="webstart/swt/win/"/>
  	<jar jarfile="webstart/swt/linux/swt-lib.jar" compress="true">
      <fileset dir="jar/linux/swt/libraries" includes="*"/>
    </jar>
    <copy file="jar/linux/swt/swt.jar" todir="webstart/swt/linux/"/>
    <copy file="jar/linux/swt/swt-pi.jar" todir="webstart/swt/linux/"/>
    <copy file="misc/swt.jnlp" todir="webstart/swt/"/>
    
    <copy file="misc/swt-webstart.gif" todir="webstart/swt/"/>
    <copy file="${dist}/morpheus.jar" todir="webstart/"/>
    <copy file="misc/morpheus_64x64.gif" todir="webstart/"/>
    <copy file="misc/morpheus_splash.jpg" todir="webstart/"/>
    <copy file="misc/morpheus.jnlp" todir="webstart/"/>
    
    <mkdir dir="webstart/comm/"/>
    <mkdir dir="webstart/comm/win"/>
  	<mkdir dir="webstart/comm/linux"/>
    <copy file="${dist}/lib/comm.jar" todir="webstart/comm/"/>
    <copy file="${dist}/lib/morpheus_comm.jar" todir="webstart/comm/win"/>
    <jar jarfile="webstart/comm/win/comm-lib.jar" compress="true">
      <fileset file="jar/win32com.dll"/>
    </jar>
    <copy file="${dist_linux}/lib/morpheus_comm.jar" todir="webstart/comm/linux"/>
    <copy file="misc/comm.jnlp" todir="webstart/comm/"/>
    
    <signjar alias="myself" storepass="password">
      <fileset dir="webstart/" includes="**/*.jar"/>
    </signjar>
  </target>

  <target name="eclipse_test" depends="dist">
    <delete dir="z:/dist"/>
	<copy todir="z:/">
      <fileset dir="dist"/>
    </copy>    
  </target>  
  
 
</project>